year,day,count
2011,Friday,3500.1153846153848
2011,Monday,3465.7884615384614
2011,Saturday,3391.377358490566
2011,Sunday,3405.269230769231
2011,Thursday,3356.769230769231
2011,Tuesday,3468.0384615384614
2011,Wednesday,3253.25
2012,Friday,5880.461538461538
2012,Monday,5194.0
2012,Saturday,5732.0
2012,Sunday,5036.8490566037735
2012,Thursday,5977.75
2012,Tuesday,5553.288461538462
2012,Wednesday,5843.826923076923
